id,enabled,formula,reaction_type,reactant1,reactant2,reactant3,product1,product2,product3,rxn,b,t1,t2,t3,t4,pmin,pmax,tmin,tmax,p_measurement,t_measurement,calibration_confidence,data_constraint_confidence,misc,ref,doi,authors,year,title,journal,volume,pages
1,1,CdGeO3,1:1,Pyx,NA,NA,Gt,NA,NA,Pyx=>Gt,-0.4934,0.0017,NA,NA,NA,0.4,2.6,1073,1773,Not stated,Not stated,Poor,Good,Experimental+Calorimetrics,1,10.1007/BF00628820,"Akaogi, M.; Navrotsky, A.",1987,"Calorimetric Study of High-Pressure Phase Transitions Among the CdGeO3 Polymorphs (Pyroxenoid, Garnet, Ilmenite, and Perovskite Structures)",Physics and Chemistry of Minerals,14,435-440
2,1,CdGeO3,1:1,Gt,NA,NA,Ilm,NA,NA,Gt=>Ilm,5.3258,0.0021,NA,NA,NA,6.5,8,1073,1773,Not stated,Not stated,Poor,Good,Experimental+Calorimetrics,1,10.1007/BF00628820,"Akaogi, M.; Navrotsky, A.",1987,"Calorimetric Study of High-Pressure Phase Transitions Among the CdGeO3 Polymorphs (Pyroxenoid, Garnet, Ilmenite, and Perovskite Structures)",Physics and Chemistry of Minerals,14,435-440
3,0,CdGeO3,1:1,Ilm,NA,NA,Pv,NA,NA,Ilm=>Pv,11.8934,-0.0017,NA,NA,NA,10,11,1073,1773,Not stated,Not stated,Poor,Good,Experimental+Calorimetrics,1,10.1007/BF00628820,"Akaogi, M.; Navrotsky, A.",1987,"Calorimetric Study of High-Pressure Phase Transitions Among the CdGeO3 Polymorphs (Pyroxenoid, Garnet, Ilmenite, and Perovskite Structures)",Physics and Chemistry of Minerals,14,435-440
4,0,CaGeO3,1:1,Gr,NA,NA,Pv,NA,NA,Gt=>Pv,6.9,-8e-4,NA,NA,NA,5.8,6.2,900,1140,NaCl (Decker 1971),Pt/Pt-Rh13,Good,Good,In situ X-ray,2,10.1029/GL012i010p00729,"Susaki, J.; Akaogi, M.; Akimoto, S.; Shimomura, O.",1985,Garnet-Perovskite Transformation in CaGeO3: In-situ X-Ray Measurements using Synchrotron Radiation,Geophysical Research Letters,12,729-732
5,1,CaGeO3,1:1,Wol,NA,NA,Gt,NA,NA,Wol=>Gt,0.098,0.001,NA,NA,NA,0.7,1.3,600,1100,RT,Pt/Pt-Rh13,Fair,Good,Experimental+Calorimetrics,3,10.1007/BF00202573,"Ross, N. L.; Akaogi, M.; Navrotsky, A.; Susaki, J-I.; McMillan, P.",1986,"Phase Transitions Among the CaGeO3 Polymorphs (Wollastonte, Garnet, and Perovskite Structures): Studies by High-Pressure Synthesis, High-Temperature Calorimetry, and Vibrational Spectroscopy and Calculation",Journal of Geophysical Research,91,4685-4696
6,1,CaGeO3,1:1,Gt,NA,NA,Pv,NA,NA,Gt=>Pv (Calc),7.8,-0.0022,NA,NA,NA,5.3,7,600,1300,RT,Pt/Pt-Rh13,Fair,Good,Experimental+Calorimetrics (Calculated),3,10.1007/BF00202573,"Ross, N. L.; Akaogi, M.; Navrotsky, A.; Susaki, J-I.; McMillan, P.",1986,"Phase Transitions Among the CaGeO3 Polymorphs (Wollastonte, Garnet, and Perovskite Structures): Studies by High-Pressure Synthesis, High-Temperature Calorimetry, and Vibrational Spectroscopy and Calculation",Journal of Geophysical Research,91,4685-4696
7,1,CaGeO3,1:1,Gt,NA,NA,Pv,NA,NA,Gt=>Pv (Exp),7.227,-0.001,NA,NA,NA,5.8,6.7,600,1300,RT,Pt/Pt-Rh13,Fair,Good,Experimental+Calorimetrics (Experimental),3,10.1007/BF00202573,"Ross, N. L.; Akaogi, M.; Navrotsky, A.; Susaki, J-I.; McMillan, P.",1986,"Phase Transitions Among the CaGeO3 Polymorphs (Wollastonte, Garnet, and Perovskite Structures): Studies by High-Pressure Synthesis, High-Temperature Calorimetry, and Vibrational Spectroscopy and Calculation",Journal of Geophysical Research,91,4685-4696
8,1,CaSiO3,1:1,Wol,NA,NA,Wal,NA,NA,Wol=>Wal,4.9,-0.0015,NA,NA,NA,2.5,3.7,900,1600,RT+HT,Pt/Pt-Rh13,Good,Good,Experimental+Calorimetrics,4,10.1016/j.pepi.2003.08.008,"Akaogi, M.; Yano, M.; Tejima, Y.; Iijima, M.; Kojitani, H.",2004,"High-Pressure Transitions of Diopside and Wollastonite: Phase Equilibria and Thermochemistry of CaMgSi2O6, CaSiO3 and CaSi2O5 - CaTiSiO5 System",Physics of the Earth and Planetary Interiors,143-144,145-156
9,1,CaSiO3,1:2,Wal,NA,NA,Lar,Tit,NA,Wal=>Lar+Tit,6.2,0.003,NA,NA,NA,9,10.8,900,1600,RT+HT,Pt/Pt-Rh13,Good,Good,Experimental+Calorimetrics,4,10.1016/j.pepi.2003.08.008,"Akaogi, M.; Yano, M.; Tejima, Y.; Iijima, M.; Kojitani, H.",2004,"High-Pressure Transitions of Diopside and Wollastonite: Phase Equilibria and Thermochemistry of CaMgSi2O6, CaSiO3 and CaSi2O5 - CaTiSiO5 System",Physics of the Earth and Planetary Interiors,143-144,145-156
10,1,MgGeO3,1:1,Cpx,NA,NA,Ilm,NA,NA,Cpx=>Ilm,2.4044,0.0018,NA,NA,NA,3.5,5,800,1300,RT+HT,Pt/Pt-Rh13,Good,Good,Experimental+Calorimetrics,5,http://www.minsocam.org/ammin/AM73/AM73_1355.pdf,"Ross, N. L.; Navrotsky, A.",1988,"Study of the MgGeO3 polymorphs (orthopyroxene, clinopyroxene, and ilmenite structures) by calorimetry, spectroscopy, and phase equilibria",American Mineralogist,73,1355-1365
11,1,NaAlSi3O8,1:2,Al,Nl,NA,Jd,NA,NA,Al+Nl=>Jd,-0.39,0.0021,NA,NA,NA,0.1,2,200,1100,NA,NA,NA,Fair,Calorimetrics,6,http://www.minsocam.org/ammin/AM53/AM53_1281.pdf,"Hlabse, T.; Kleppa, O. J.",1968,The Thermochemistry of Jadeite.,American Mineralogist,53,1281-1292
12,1,NaAlSi3O8,1:2,Al,NA,NA,Jd,Qtz,NA,Al=>Jd+Qtz,0.42,0.0019,NA,NA,NA,0.3,2.4,50,1100,NA,NA,NA,Fair,Calorimetrics,6,http://www.minsocam.org/ammin/AM53/AM53_1281.pdf,"Hlabse, T.; Kleppa, O. J.",1968,The Thermochemistry of Jadeite.,American Mineralogist,53,1281-1292
13,1,KAlSi3O8,1:3,San,NA,NA,Wd,Ky,Coe,San=>Wd+Ky+Coe,3.55,0.0026,NA,NA,NA,5,7.6,525,1525,Not stated,W3-Re97/W25-Re75,Fair,Good,Experimental+Calorimetrics,7,10.1007/s00269-006-0063-4,"Yong, W.; Dachs, E.; Withers, A. C.",2006,Heat capacity and phase equilibria of hollandite polymorph of KAlSi3O8,Physics and Chemistry of Minerals,33,167-177
14,1,KAlSi3O8,1:3,Wd,Ky,Coe,Hol,NA,NA,Wd+Ky+Coe=>Hol,8.13,0.0011,NA,NA,NA,8.7,9.8,525,1525,Not stated,W3-Re97/W25-Re75,Fair,Good,Experimental+Calorimetrics,7,10.1007/s00269-006-0063-4,"Yong, W.; Dachs, E.; Withers, A. C.",2006,Heat capacity and phase equilibria of hollandite polymorph of KAlSi3O8,Physics and Chemistry of Minerals,33,167-177
15,1,CaMgSi2O6,Melt,Di,NA,NA,Melt,NA,NA,Di=>Melt,-102.02,0.0606,NA,NA,NA,14.2,17.6,1900,1970,After Funamori et al 1996,W95-Re5/ W74-Re26,Good,Poor,Experimental,8,10.1016/S0031-9201(97)00029-0,"Oguri, K.; Funamori, N.; Sakai, F.; Kondo, T.; Uchida, T.; Yagi, T.",1997,High-pressure and high-temperature phase relations in diopside CaMgSi2O6,Physics of the Earth and Planetary Interiors,104,363-370
16,1,CaMgSi2O6,Melt,Gt,CaPv,NA,Melt,NA,NA,Gt+CaPv=>Melt,-58.902,0.0388,NA,NA,NA,17.6,24.2,1970,2150,After Funamori et al 1996,W95-Re5/ W74-Re26,Good,Poor,Experimental,8,10.1016/S0031-9201(97)00029-0,"Oguri, K.; Funamori, N.; Sakai, F.; Kondo, T.; Uchida, T.; Yagi, T.",1997,High-pressure and high-temperature phase relations in diopside CaMgSi2O6,Physics of the Earth and Planetary Interiors,104,363-370
17,1,CaMgSi2O6,Melt,MgPv,CaPv,NA,Melt,NA,NA,MgPv+CaPv=>Melt,-6.677,0.0144,NA,NA,NA,24.1,25.7,2140,2250,After Funamori et al 1996,W95-Re5/ W74-Re26,Good,Poor,Experimental,8,10.1016/S0031-9201(97)00029-0,"Oguri, K.; Funamori, N.; Sakai, F.; Kondo, T.; Uchida, T.; Yagi, T.",1997,High-pressure and high-temperature phase relations in diopside CaMgSi2O6,Physics of the Earth and Planetary Interiors,104,363-370
18,1,CaMgSi2O6,2:2,Gt,CaPv,NA,MgPv,CaPv,NA,Gt+CaPv=>MgPv+CaPv,16.834,0.0034,NA,NA,NA,23.3,24.2,1900,2150,After Funamori et al 1996,W95-Re5/ W74-Re26,Good,Poor,Experimental,8,10.1016/S0031-9201(97)00029-0,"Oguri, K.; Funamori, N.; Sakai, F.; Kondo, T.; Uchida, T.; Yagi, T.",1997,High-pressure and high-temperature phase relations in diopside CaMgSi2O6,Physics of the Earth and Planetary Interiors,104,363-370
19,1,CaMgSi2O6,1:3,Di,NA,NA,Wd,St,CaPv,Di=>Wd+St+CaPv,15.138,0.0022,NA,NA,NA,17.2,18.2,940,1400,RT+HT,Pt/Pt-Rh13,Good,Good,Experimental,4,10.1016/j.pepi.2003.08.008,"Akaogi, M.; Yano, M.; Tejima, Y.; Iijima, M.; Kojitani, H.",2004,"High-Pressure Transitions of Diopside and Wollastonite: Phase Equilibria and Thermochemistry of CaMgSi2O6, CaSiO3 and CaSi2O5 - CaTiSiO5 System",Physics of the Earth and Planetary Interiors,143-144,145-156
20,1,CaMgSi2O6,1:2,Di,NA,NA,Gt,CaPv,NA,Di=>Gt+CaPv,19.646,-0.001,NA,NA,NA,17.7,18.2,1400,1860,RT+HT,Pt/Pt-Rh13,Good,Good,Experimental,4,10.1016/j.pepi.2003.08.008,"Akaogi, M.; Yano, M.; Tejima, Y.; Iijima, M.; Kojitani, H.",2004,"High-Pressure Transitions of Diopside and Wollastonite: Phase Equilibria and Thermochemistry of CaMgSi2O6, CaSiO3 and CaSi2O5 - CaTiSiO5 System",Physics of the Earth and Planetary Interiors,143-144,145-156
21,1,CaMgSi2O6,3:2,Wd,St,CaPv,Gt,CaPv,NA,Wd+St+CaPv=>Gt+CaPV,-14.027,0.023,NA,NA,NA,18.2,19.45,1400,1450,RT+HT,Pt/Pt-Rh13,Good,Good,Experimental,4,10.1016/j.pepi.2003.08.008,"Akaogi, M.; Yano, M.; Tejima, Y.; Iijima, M.; Kojitani, H.",2004,"High-Pressure Transitions of Diopside and Wollastonite: Phase Equilibria and Thermochemistry of CaMgSi2O6, CaSiO3 and CaSi2O5 - CaTiSiO5 System",Physics of the Earth and Planetary Interiors,143-144,145-156
22,1,CaMgSi2O6,3:3,Wd,St,CaPv,Rw,St,CaPv,Wd+St+CaPv=>Rw+St+CaPv,15.275,0.0029,NA,NA,NA,17.9,19.5,940,1450,RT+HT,Pt/Pt-Rh13,Good,Good,Experimental,4,10.1016/j.pepi.2003.08.008,"Akaogi, M.; Yano, M.; Tejima, Y.; Iijima, M.; Kojitani, H.",2004,"High-Pressure Transitions of Diopside and Wollastonite: Phase Equilibria and Thermochemistry of CaMgSi2O6, CaSiO3 and CaSi2O5 - CaTiSiO5 System",Physics of the Earth and Planetary Interiors,143-144,145-156
23,1,CaMgSi2O6,3:2,Rw,St,CaPv,Gt,CaPv,NA,Rw+St+CaPv=>Ilm+CaPv,23.128,-0.002,NA,NA,NA,20.1,21.1,1000,1500,RT+HT,Pt/Pt-Rh13,Good,Good,Experimental,4,10.1016/j.pepi.2003.08.008,"Akaogi, M.; Yano, M.; Tejima, Y.; Iijima, M.; Kojitani, H.",2004,"High-Pressure Transitions of Diopside and Wollastonite: Phase Equilibria and Thermochemistry of CaMgSi2O6, CaSiO3 and CaSi2O5 - CaTiSiO5 System",Physics of the Earth and Planetary Interiors,143-144,145-156
24,1,CaMgSi2O6,3:2,Rw,St,CaPv,Gt,CaPv,NA,Rw+St+CaPv=>Gt+CaPv,-1.4574,0.0144,NA,NA,NA,19.45,20.1,1450,1500,RT+HT,Pt/Pt-Rh13,Good,Good,Experimental,4,10.1016/j.pepi.2003.08.008,"Akaogi, M.; Yano, M.; Tejima, Y.; Iijima, M.; Kojitani, H.",2004,"High-Pressure Transitions of Diopside and Wollastonite: Phase Equilibria and Thermochemistry of CaMgSi2O6, CaSiO3 and CaSi2O5 - CaTiSiO5 System",Physics of the Earth and Planetary Interiors,143-144,145-156
25,1,CaMgSi2O6,2:2,Gt,CaPv,NA,Ilm,CaPv,NA,Gt+CaPv=>Ilm+CaPv,13.38,0.0045,NA,NA,NA,20.1,21.75,1495,1860,RT+HT,Pt/Pt-Rh13,Good,Good,Experimental,4,10.1016/j.pepi.2003.08.008,"Akaogi, M.; Yano, M.; Tejima, Y.; Iijima, M.; Kojitani, H.",2004,"High-Pressure Transitions of Diopside and Wollastonite: Phase Equilibria and Thermochemistry of CaMgSi2O6, CaSiO3 and CaSi2O5 - CaTiSiO5 System",Physics of the Earth and Planetary Interiors,143-144,145-156
26,1,CaMgSi2O6,2:2,Ilm,CaPv,NA,MgPv,CaPv,NA,Ilm+CaPv=>MgPv+CaPv,26.015,-0.0021,NA,NA,NA,22.1,31.1,1380,1860,RT+HT,Pt/Pt-Rh13,Good,Good,Experimental,4,10.1016/j.pepi.2003.08.008,"Akaogi, M.; Yano, M.; Tejima, Y.; Iijima, M.; Kojitani, H.",2004,"High-Pressure Transitions of Diopside and Wollastonite: Phase Equilibria and Thermochemistry of CaMgSi2O6, CaSiO3 and CaSi2O5 - CaTiSiO5 System",Physics of the Earth and Planetary Interiors,143-144,145-156
27,0,Al2SiO5,1:1,Ky,NA,NA,And,NA,NA,Ky=>And,-0.2545,0.0013,NA,NA,NA,0,0.42,200,530,Not stated,Pt/Pt90-Rh10,Fair,Good,Experimental,9,http://www.minsocam.org/ammin/AM76/AM76_677.pdf,"Bohlen, S. R.; Montana, A.; Kerrick, D. M.",1991,Precise determinations of the equilibria kyanite - sillimanite and kyanite - andalusite and a revised triple point for Al2SiO5 polymorphs,American Mineralogist,76,677-680
28,0,Al2SiO5,1:1,Ky,NA,NA,Sil,NA,NA,Ky=>Sil,-0.7334,0.0022,NA,NA,NA,0.42,1.1,530,850,Not stated,Pt/Pt90-Rh10,Fair,Good,Experimental,9,http://www.minsocam.org/ammin/AM76/AM76_677.pdf,"Bohlen, S. R.; Montana, A.; Kerrick, D. M.",1991,Precise determinations of the equilibria kyanite - sillimanite and kyanite - andalusite and a revised triple point for Al2SiO5 polymorphs,American Mineralogist,76,677-680
29,0,Al2SiO5,1:1,And,NA,NA,Sil,NA,NA,And=>Sil,1.4214,-0.0024,9e-7,NA,NA,0,0.42,530,920,Not stated,Pt/Pt90-Rh10,Fair,Good,Experimental,9,http://www.minsocam.org/ammin/AM76/AM76_677.pdf,"Bohlen, S. R.; Montana, A.; Kerrick, D. M.",1991,Precise determinations of the equilibria kyanite - sillimanite and kyanite - andalusite and a revised triple point for Al2SiO5 polymorphs,American Mineralogist,76,677-680
30,0,Al2SiO5,Trip Point,Triple Point,NA,NA,Triple Point,NA,NA,Trip Point,NA,NA,NA,NA,NA,0.42,0.42,530,530,NA,NA,NA,Good,Experimental,9,http://www.minsocam.org/ammin/AM76/AM76_677.pdf,"Bohlen, S. R.; Montana, A.; Kerrick, D. M.",1991,Precise determinations of the equilibria kyanite - sillimanite and kyanite - andalusite and a revised triple point for Al2SiO5 polymorphs,American Mineralogist,76,677-680
31,1,Al2SiO5,1:2,Ky,NA,NA,Cor,St,NA,Ky=>Cor+St,15.6,0.0011,NA,NA,NA,0.42,0.42,530,530,NaCl (unstated),NA,Poor,Poor,X-Ray DAC,10,10.1016/0012-821X(74)90100-9,"Liu, L-G",1974,Disproportionation of kyanite to corundum plus stishovite at high pressure and temperature,Earth and Planetary Science Letters,24,224-228
32,1,Al2SiO5,1:2,Ky,NA,NA,Cor,St,NA,Ky=>Cor+St,10.256,0.0035,NA,NA,NA,12.2,18,650,2000,HT,Pt/Pt90-Rh10,Good,Good,Experimental,11,http://www.minsocam.org/MSA/AmMin/toc/Articles_Free/1997/Schmidt_p460-466_97.pdf,"Schmidt, M. W.; Polo, S.; Comodi, P.; Zanazzi, P. F.",1997,High-pressure behavior of kyanite: Decomposition of kyanite into stishovite and corundum,American Mineralogist,82,460-466
33,1,Al2SiO5,1:2,Ky,NA,NA,Cor,St,NA,Ky=>Cor+St,10.637,0.0016,NA,NA,NA,5,15,900,1600,Pt (Holmes et al 1989),W3-Re97/W25-Re75,Good,Good,In situ X-ray,12,10.2138/am.2007.2492,"Ono, S.; Nakajima, Y.; Funakoshi, K;",2007,In situ observation of the decomposition of kyanite at high pressures and high temperatures,American Mineralogist,92,1624-1629
34,1,CaCO3,1:1,Arg,NA,NA,CaV,NA,NA,Arg=>CaV,-4,0.008,NA,NA,NA,2,8,600,1400,NaCl (Decker 1971),Pt/Pt-Rh13,Good,Good,In situ X-ray,13,http://www.minsocam.org/ProcessIP.lasso?year=2001&filename=Suito_p997-1002_01.pdf,"Suito, K.; Namba, J.; Horikawa, T.; Taniguchi, Y.; Sakurai, N.; et al.",2001,Phase relations of CaCO3 at high pressure and high temperature,American Mineralogist,86,997-1002
35,1,CaMg(CO3)2,1:2,Dol,NA,NA,Arg,Mgst,NA,Dol=>Arg+Mgst,1.75,0.0016,NA,NA,NA,5,8.5,600,1200,HT,W97-Re3/W75-Re25,Good,Good,Experimental,14,10.1016/S0012-821X(00)00346-0,"Sato, K.; Katsura, T.",2001,Experimental investigation on dolomite dissociation into aragonite+magnesite up to 8.5GPa,Earth and Planetary Science Letters,184,529-534
36,1,SiO2,1:1,Qtz,NA,NA,Coe,NA,NA,Qtz=>Coe,2.383,6.9e-4,NA,NA,NA,2.7,3.2,500,1200,NBS Standard,W/Re,Good,Good,PC Experimental,15,http://www.minsocam.org/MSA/AmMin/toc/Articles_Free/1995/Bose_p231-238_95.pdf,"Bose, K.; Ganguly, J.",1995,Quartz-coesite transition revisited: Reversed experimental determination at 500-1200C and retrieved thermochemical properties,American Mineralogist,80,231-238
37,1,SiO2,1:1,Coe,NA,NA,St,NA,NA,Coe=>St,6.1,0.0026,NA,NA,NA,7.5,11.5,500,1530,NaCl (Decker 1971),W86-Re24/W94-Re6,Good,Good,In situ X-ray,16,10.1007/BF00202987,"Zhang, J.; Li, B.; Utsumi, W.; Liebermann, R.C.",1996,In situ X-ray observations of the coesite-stishovite transition: reversed phase boundary and kinetics,Physics and Chemistry of Minerals,23,1-10
38,0,MgSiO3,1:1,Oen,NA,NA,Cen,NA,NA,Oen=>Cen,4.978,0.003125,NA,NA,NA,NA,NA,700,2200,NA,NA,NA,NA,Thermodynamic Calcs,17,,"Gasparik, T.",2003,Phase Diagrams for Geoscientists: An Atlas of the Earth's Interior,Springer,NA,NA
39,0,MgSiO3,1:2,Cen,NA,NA,Wd,St,NA,Cen=>Wd+St,13.49898,0.002133,NA,NA,NA,NA,NA,700,1600,NA,NA,NA,NA,Thermodynamic Calcs,17,,"Gasparik, T.",2003,Phase Diagrams for Geoscientists: An Atlas of the Earth's Interior,Springer,NA,NA
40,0,MgSiO3,1:2,Wd,St,NA,Ak,NA,NA,Wd+St=>Ak,18.538,-6.32e-4,NA,NA,NA,NA,NA,1100,1600,NA,NA,NA,NA,Thermodynamic Calcs,17,,"Gasparik, T.",2003,Phase Diagrams for Geoscientists: An Atlas of the Earth's Interior,Springer,NA,NA
41,0,MgSiO3,1:2,Rw,St,NA,Ak,NA,NA,Rw+St=>Ak,32.068,-0.01257,NA,NA,NA,NA,NA,600,1100,NA,NA,NA,NA,Thermodynamic Calcs,17,,"Gasparik, T.",2003,Phase Diagrams for Geoscientists: An Atlas of the Earth's Interior,Springer,NA,NA
42,0,MgSiO3,1:1,Wd,NA,NA,Rw,NA,NA,Wd=>Rw,10.6546,0.006333,NA,NA,NA,NA,NA,600,1100,NA,NA,NA,NA,Thermodynamic Calcs,17,,"Gasparik, T.",2003,Phase Diagrams for Geoscientists: An Atlas of the Earth's Interior,Springer,NA,NA
43,0,MgSiO3,1:1,Ak,NA,NA,MgPv,NA,NA,Ak=>MgPv,26.7624,0.002095,NA,NA,NA,NA,NA,600,1900,NA,NA,NA,NA,Thermodynamic Calcs,17,,"Gasparik, T.",2003,Phase Diagrams for Geoscientists: An Atlas of the Earth's Interior,Springer,NA,NA
44,0,MgSiO3,1:1,Cen,NA,NA,MgMj,NA,NA,Cen=>MgMj,15.972,0.0016,-6e-7,NA,NA,16.3,16.9,1600,2300,NA,NA,NA,NA,Thermodynamic Calcs,17,,"Gasparik, T.",2003,Phase Diagrams for Geoscientists: An Atlas of the Earth's Interior,Springer,NA,NA
45,0,MgSiO3,1:2,MgMj,NA,NA,Wd,St,NA,MgMj=>Wd+St,-39487,42.329,-0.0113,NA,NA,16.5,17.5,1596,1603,NA,NA,NA,NA,Thermodynamic Calcs,17,,"Gasparik, T.",2003,Phase Diagrams for Geoscientists: An Atlas of the Earth's Interior,Springer,NA,NA
46,0,MgSiO3,1:1,MgMj,NA,NA,Ak,NA,NA,MgMj=>Ak,1.1852,0.0102,NA,NA,NA,17.5,21.6,1600,2000,NA,NA,NA,NA,Thermodynamic Calcs,17,,"Gasparik, T.",2003,Phase Diagrams for Geoscientists: An Atlas of the Earth's Interior,Springer,NA,NA
47,0,MgSiO3,1:1,MgMj,NA,NA,MgPv,NA,NA,MgMj=>MgPv,17.902,0.0018,NA,NA,NA,21.3,22.4,1900,2500,NA,NA,NA,NA,Thermodynamic Calcs,17,,"Gasparik, T.",2003,Phase Diagrams for Geoscientists: An Atlas of the Earth's Interior,Springer,NA,NA
48,1,MgSiO3,1:1,Ilm,NA,NA,Pv,NA,NA,Ilm=>Pv,25,-0.003,NA,NA,NA,19.7,22.4,1000,1800,Au (Anderson et al 1989),W75-Re25/W93-Re7,Good,Good,In situ X-ray,18,10.1007/s002690000096,"Kuroda, K.; Irifune, T.; Inoue, T.; Nishiyama, N.; Miyashita, M.; Funakoshi, K.; Utsumi, W.",2000,Determination of the phase boundary between ilmenite and perovskite in MgSiO3 by in situ x-ray diffraction and quench experiments,Physics and Chemistry of Minerals,27,523-532
49,1,Ni2SiO4,1:1,Ol,NA,NA,Sp,NA,NA,Ol=>Sp,2.33,0.00118,NA,NA,NA,2,4,650,1200,HT,Pt/Pt -Rh10,Good,Good,Experimental,19,,"Hamaya, N.; Akimoto, S",1982,Experimental Investigation on the mechanism of olivine -> spinel transformation: Growth of single crystal spinel from single crystal olivine in Ni2SiO4,"High-Pressure Research in Geophysics.  (Eds.) Akimoto, S.; Manghnani, M.H. Springer",NA,NA
50,1,Ni2SiO4,1:2,Sp,NA,NA,Bn,St,NA,Sp=>Bn+St,12.1,0.0046,NA,NA,NA,12,20,1400,1800,NaCl (Weaver et al 1971),NA,Fair,Good,X-Ray DAC,20,10.1029/GL001i006p00277,"Liu, L-G.",1975,Disproportionation of Ni2SiO4 to stishovite plus bunsenite at high pressures and temperatures,Earth and Planetary Science Letters,24,357-362
51,1,Fe2SiO4,1:1,Ol,NA,NA,Sp,NA,NA,Ol=>Sp,2.75,0.0025,NA,NA,NA,4.2,6.2,800,1200,NaCl (Decker 1971),Pt/Pt-Rh13,Good,Good,In situ X-ray,21,10.1029/JB092iB07p06207,"Yagi, T.; Akaogi, M.; Shimomura, O. Suzuki, T.; Akimoto, S-I.",1987,In situ observations of the olivine-spinel phase transformation in Fe2SiO4 using synchrotron radiation,Journal of Geophysical Research,92,6207-6213
52,1,Fe2SiO4,1:1,Ol,NA,NA,Sp,NA,NA,Ol=>Sp,2,0.0033,NA,NA,NA,4.4,6.4,725,1425,NA,NA,NA,NA,Calorimetrics,22,10.1029/JB094iB11p15671,"Akaogi, M.; Ito, E.; Navrotsky, A.",1989,"Olivine modified spinel-spinel transitions in the system Mg2SiO4 - Fe2SiO4: Calorimetric measurements, thermochemical calculation, and geophysical application",Journal of Geophysical Research,94,15671-15685
53,1,Mg2SiO4,1:1,Ol,NA,NA,Wd,NA,NA,Ol=>Wd,9.3,0.0036,NA,NA,NA,12,15,700,1400,NaCl (Decker 1971),W3-Re97/W25-Re75,Good,Good,In situ X-ray,23,10.1126/science.265.5176.1202,"Morishima, H.; Kato, T.; Suto, M.; Ohtani, E.; Urakawa, S.; Utsumi, W.; Shimomura, O.; Kikegawa, T.",1994,The phase boundary between a- and b-Mg2SiO4 determined by in situ X-ray observation,Science,265,1202-1203
54,1,Mg2SiO4,1:1,Wd,NA,NA,Rw,NA,NA,Wd=>Rw,10.32,0.00691,NA,NA,NA,14.8,19.5,650,1200,NaCl (Brown 1999),W3-Re97/W25-Re75,Good,Good,In situ X-ray,24,10.1029/1999GL008425,"Suzuki, T.; Ohtani, E.; Morishima, H.; Kubo, T.; Kanbe, Y.; Kondo, T.; Okada, T.; Terasaki, H.; Kato, T.; Kikegawa, T.",2000,In situ determination of the phase boundary between wadsleyite and ringwoodite in Mg2SiO4,Geophysical Research Letters,27,803-806
55,1,Mg2SiO4,1:2,Rw,NA,NA,Pv,Pc,NA,Rw=>Pv+Pc,27.9,-0.00275,NA,NA,NA,22.5,25.5,1673,2373,Pt (Holmes et al 1989),NA,Good,Good,X-Ray DAC,25,doi:10.1038/35079053,"Shim, S-H.; Duffy, T. S.; Shen, G.",2001,The post-spinel transformation in Mg2SiO4 and its relation to the 660km seismic discontinuity,Nature,441,571-574
56,1,Mg2SiO4,1:2,Rw,NA,NA,Pv,Pc,NA,Rw=>Pv+Pc,25.12,-0.0013,NA,NA,NA,22.8,23.5,1400,1900,Au&MgO (Anderson 1989 & Speziale 2001),W5-Re95/W26-Re74,Good,Good,In situ X-ray,26,10.1029/2003JB002562,"Fei, Y.; Van Orman, J.; Li, J.; Van Wastrenen, W.; Sanloup, C.; Minarik, W.; Hirose, K.; Komabayashi, T.; Walter, M.; Funakoshi, K.",2004,Experimentally determined postspinel transformation boundary in Mg2SiO4 using MgO as an internal pressure standard and its geophysical implications,Journal of Geophysical Research,109,B02305
57,1,Mg2SiO4,1:1,Wd,NA,NA,Rw,NA,NA,Wd=>Rw,14.219,0.0041,NA,NA,NA,18.5,19.5,1200,1500,Au (Anderson et al 1989 & Shim et al 2002),W75-Re25/W97-Re3,Good,Good,In situ X-ray,27,10.1007/s00269-005-0053-y,"Inoue, T.; Irifune, T.; Higo, Y.; Sanehira, T.; Sueda, Y.; Yamada, A.; Shinmei, T.; Yamazaki, D.; Ando, J.; Funakoshi, K.; Utsumi, W.",2006,The phase boundary between wadsleyite and ringwoodite in Mg2SiO4 determined by in situ X-ray diffraction,Physics and Chemistry of Minerals,33,106-114
58,1,Mg2SiO4,1:1,Ol,NA,NA,Wd,NA,NA,Ol=>Wd,9.906,0.0031,NA,NA,NA,11.25,14.5,525,1525,NA,NA,NA,NA,Calorimetrics,28,10.1007/s00269-006-0137-3,"Akaogi, M.; Takayama, H.; Kojitani, H.; Kawaji, H.; Atake, T.",2007,"Low-temperature heat capacities, entropies and enthalpies of Mg2SiO4 polymorphs, and a-b-y and post-spinel phase relations at high pressure",Physics and Chemistry of Minerals,34,169-183
59,0,Mg2SiO4,1:1,Wd,NA,NA,Rw,NA,NA,Wd=>Rw,11.8,0.0052,NA,NA,NA,15.75,19.5,525,1525,NA,NA,NA,NA,Calorimetrics,28,10.1007/s00269-006-0137-3,"Akaogi, M.; Takayama, H.; Kojitani, H.; Kawaji, H.; Atake, T.",2007,"Low-temperature heat capacities, entropies and enthalpies of Mg2SiO4 polymorphs, and a-b-y and post-spinel phase relations at high pressure",Physics and Chemistry of Minerals,34,169-183
60,1,Mg2SiO4,1:2,Rw,NA,NA,Pv,Pc,NA,Rw=>Pv+Pc,18.95,-0.0026,NA,NA,NA,23.75,27,1000,2200,NA,NA,NA,NA,Calorimetrics,28,10.1007/s00269-006-0137-3,"Akaogi, M.; Takayama, H.; Kojitani, H.; Kawaji, H.; Atake, T.",2007,"Low-temperature heat capacities, entropies and enthalpies of Mg2SiO4 polymorphs, and a-b-y and post-spinel phase relations at high pressure",Physics and Chemistry of Minerals,34,169-183
61,1,Mg2SiO4,1:2,Rw,NA,NA,Pv,Pc,NA,Rw=>Pv+Pc,27,-0.002,NA,NA,NA,21,28,1400,1800,RT+HT,Pt/Pt-Rh13,Good,Good,Experimental,29,10.1016/j.espl.2011.06.023,"Ishii, T.; Kojitani, H.; Akaogi, M.",2011,Post-spinel transitions in pyrolite and Mg2SiO4 and akimotoite-perovskite transition in MgSiO3: Precise comparison by high-pressure high-temperature experiments with multi-sample cell technique,Earth and Planetary Science Letters,309,185-197
62,1,Mg2SiO4,1:1,Wd,NA,NA,Rw,NA,NA,Wd=>Rw,9.35,0.0077,NA,NA,NA,21.3,23.2,1550,1800,RT+HT,Pt/Pt-Rh13,Good,Good,Experimental,29,10.1016/j.espl.2011.06.023,"Ishii, T.; Kojitani, H.; Akaogi, M.",2011,Post-spinel transitions in pyrolite and Mg2SiO4 and akimotoite-perovskite transition in MgSiO3: Precise comparison by high-pressure high-temperature experiments with multi-sample cell technique,Earth and Planetary Science Letters,309,185-197
63,1,Mg2SiO4,1:1,Wd,NA,NA,Pv,Pc,NA,Wd=>Pv+Pc,16.02,0.004,NA,NA,NA,23.2,23.5,1800,1850,RT+HT,Pt/Pt-Rh13,Good,Good,Experimental,29,10.1016/j.espl.2011.06.023,"Ishii, T.; Kojitani, H.; Akaogi, M.",2011,Post-spinel transitions in pyrolite and Mg2SiO4 and akimotoite-perovskite transition in MgSiO3: Precise comparison by high-pressure high-temperature experiments with multi-sample cell technique,Earth and Planetary Science Letters,309,185-197
64,1,Mg2SiO4,1:1,Rw,NA,NA,Pv,Pc,NA,Rw=>Pv+Pc,27.5,-0.0024,NA,NA,NA,23.6,24.2,1350,1650,RT+HT,Pt/Pt-Rh13,Good,Good,Experimental,29,10.1016/j.espl.2011.06.023,"Ishii, T.; Kojitani, H.; Akaogi, M.",2011,Post-spinel transitions in pyrolite and Mg2SiO4 and akimotoite-perovskite transition in MgSiO3: Precise comparison by high-pressure high-temperature experiments with multi-sample cell technique,Earth and Planetary Science Letters,309,185-197
65,1,Co2SiO4,1:1,Ol,NA,NA,Sp,NA,NA,Ol=>Sp,3.6753,0.0034,NA,NA,NA,5.9,6.9,680,940,RT,Pt/Pt-Rh13,Good,Good,Experimental,30,10.1016/0031-9201(68)90018-6,"Akimoto, S-I.;  Sata, Y.",1968,High-pressure transformation in Co2SiO4 olivine and some geophysical implications,Physics of the Earth and Planetary Interiors,1,498-504
66,1,Co2SiO4,1:1,Ol,NA,NA,Sp,NA,NA,Ol=>Sp,3.0499,0.00556,-1.634e-6,NA,NA,6.9,7.75,940,1550,RT,Pt/Pt-Rh13,Good,Good,Experimental,30,10.1016/0031-9201(68)90018-6,"Akimoto, S-I.;  Sata, Y.",1968,High-pressure transformation in Co2SiO4 olivine and some geophysical implications,Physics of the Earth and Planetary Interiors,1,498-504
67,1,Co2SiO4,1:1,Sp,NA,NA,Sp,NA,NA,Sp=>Sp,2.9907,0.0041,NA,NA,NA,6.9,9.4,940,1600,RT,Pt/Pt-Rh13,Good,Good,Experimental,30,10.1016/0031-9201(68)90018-6,"Akimoto, S-I.;  Sata, Y.",1968,High-pressure transformation in Co2SiO4 olivine and some geophysical implications,Physics of the Earth and Planetary Interiors,1,498-504
68,1,TiO2,1:1,Rt,NA,NA,aPbO2,NA,NA,Rutile=>aPbO2,3.5,0.0038,NA,NA,NA,4.6,8.5,500,900,NaCl (Decker 1971),Pt/Pt-Rh13,Good,Good,In situ X-ray,31,,"Akagoi, M.; Kusaba, K.; Susaki, J-I.; Yagi, T.; Matsui, M.; Kikegawa, T.; Yusa, H.; Ito, E.",1992,High-pressure high-temperature stability of aPbO2-type TiO2 and MgSiO3 majorite: Calorimetric and in situ X-ray diffraction studies,"High Pressure Research: Application to Earth and Planetary Sciences. (Eds.) Syono, Y., & Manghnani, M.H. Terrapub",NA,447-455
69,1,TiO2,1:1,aPbO2,NA,NA,Bdy,NA,NA,aPbO2=>baddeleyite,11.619,0.005299,NA,NA,NA,11,16,100,900,NaCl (Decker 1971),Pt/Pt-Rh13,Good,Good,In situ X-ray,32,10.1111/j.1151-2916.1993.tb03683.x,"Tang, J.; Endo, S.",1993,P-T Boundary of a-PbO2 type  and baddeleyite type high-pressure phases of titanium dioxide,Journal of the American Ceramics Society,76,796-798
70,0,TiO2,1:1,Rt,NA,NA,aPbO2,NA,NA,Rutile=>aPbO2,12.55,0.01146,1.5594e-5,-3.225e-8,2.2323e-11,6,12,200,1200,NaCl (Decker 1971),Not stated,Poor,Fair,In situ X-ray,33,10.1016/S0022-3697(98)00274-1,"Olsen, J. S;, Gerward, L.; Jiang, J. Z.",1999,On the rutile/a-PbO2-type phase boundary of TiO2,Journal of Physics and Chemistry of Solids,60,229-233
71,0,Ge,Melt,Ge,NA,NA,Melt,NA,NA,Melt,-31.245,0.15703,-2e-4,7e-8,NA,0,6.5,680,936,Not stated,Pt/Pt-Rh90,Good,Good,Experimental,34,"10.1016/0022-3697(69)90203-0,","Vaidya, S. N.; Akella, J.; Kennedy, G. C.",1968,Melting of Germanium to 65 kbar,Journal of Physics and Chemistry of Solids,30,1411-1416
72,0,Au,Melt,Au,NA,NA,Melt,NA,NA,Melt,-82.174,0.18343,-1.4e-4,4e-8,NA,0,6.5,1062,1404,Not stated,Pt/Pt-Rh90,Good,Good,Experimental,35,10.1029/JB076i020p04969,"Akella, J.; Kennedy, G. C.",1971,"Melting of gold, silver, and copper - Proposal for a new high-pressure calibration scale",Journal of Geophysical Research,76,4969-4977
73,0,Ag,Melt,Ag,NA,NA,Melt,NA,NA,Melt,-19.891,0.03278,2e-5,8000000000,NA,0,6.5,959,1304.4,Not stated,Pt/Pt-Rh90,Good,Good,Experimental,35,10.1029/JB076i020p04969,"Akella, J.; Kennedy, G. C.",1971,"Melting of gold, silver, and copper - Proposal for a new high-pressure calibration scale",Journal of Geophysical Research,76,4969-4977
74,0,Cu,Melt,Cu,NA,NA,Melt,NA,NA,Melt,-229.07,0.54991,-4.6e-4,1e-7,NA,0,6.5,1082,1310,Not stated,Pt/Pt-Rh90,Good,Good,Experimental,35,10.1029/JB076i020p04969,"Akella, J.; Kennedy, G. C.",1971,"Melting of gold, silver, and copper - Proposal for a new high-pressure calibration scale",Journal of Geophysical Research,76,4969-4977
75,0,Pb,Melt,Pb,NA,NA,Melt,NA,NA,Melt,-3.0158,0.00642,9e-6,NA,NA,0,65,325.7,715,Not stated,K-type,Good,Good,Experimental,36,10.1016/0022-3697(76)90049-4,"Mirwald, P. W.; Kennedy, G. C.",1975,Melting temperature of lead and sodium at high pressures,Physics and Chemistry of Minerals,37,795-797
76,0,Ag,Melt,Ag,NA,NA,Melt,NA,NA,Melt,-12.693,0.0146,-5e-6,4e-9,NA,0,30,960,2086,Not stated,Pt/Pt-Rh90,Good,Good,Experimental,37,10.1029/JB084iB12p06750,"Mirwald, P. W.; Kennedy, G. C.",1979,"The melting curve of gold, silver, and copper to 60-kbar pressure : A reinvestigation",Journal of Geophysical Research,84,6750-6756
77,0,Au,Melt,Au,NA,NA,Melt,NA,NA,Melt,-15.399,0.0137,-9e-7,2e-9,NA,0,30,1063,2295,Not stated,Pt/Pt-Rh90,Good,Good,Experimental,37,10.1029/JB084iB12p06750,"Mirwald, P. W.; Kennedy, G. C.",1979,"The melting curve of gold, silver, and copper to 60-kbar pressure : A reinvestigation",Journal of Geophysical Research,84,6750-6756
78,0,Cu,Melt,Cu,NA,NA,Melt,NA,NA,Melt,-26.25,0.0331,-2e-5,8e-9,NA,0,30,1085,1897,Not stated,Pt/Pt-Rh90,Good,Good,Experimental,37,10.1029/JB084iB12p06750,"Mirwald, P. W.; Kennedy, G. C.",1979,"The melting curve of gold, silver, and copper to 60-kbar pressure : A reinvestigation",Journal of Geophysical Research,84,6750-6756
79,0,Pt,Melt,Pt,NA,NA,Melt,NA,NA,Melt,-26.661,-0.0057,1e-5,NA,NA,0,80,1800,2800,Ruby,NA,Good,Good,X-Ray DAC,38,10.1063/1.367520,"Kavner, A.; Jeanloz, R.",1998,High-pressure melting curve of platinum,Journal of Applied Physics,83,7553-7559
80,0,Ni,Melt,Ni,NA,NA,Melt,NA,NA,Melt,-578.64,0.972,-5.573e-4,1.11e-7,NA,0,120,1500,2600,Not stated,NA,Fair,Good,X-Ray DAC,39,10.1016/S0921-4526(00)00542-1,"Wang, Z.; Lazor, P.; Saxena, S. K.",2001,"A simple model for assessing the high pressure melting of metals: nickel, aluminium and platinum",Physica B,293,408-416
81,0,Ni,Melt,Ni,NA,NA,Melt,NA,NA,Melt,335.458,-0.5509,2.71e-4,-3.53e-8,NA,0,120,1450,2250,Ruby,NA,Good,Good,X-Ray DAC,40,10.1103/PhysRevLett.95.167801,"Japel, S.; Schwager, B.; Boehler, R.; Ross, M.",2005,Melting of copper and nickel at high pressure: The role of d electrons,Physical Review Letters,95,167801
82,0,Pb,Melt,Pb,NA,NA,Melt,NA,NA,Melt,-4.0905,0.0108,5e-6,NA,NA,0,100,1200,2800,NaCl/Ar Ross1986/Ono2006,NA,Good,Good,X-Ray DAC,41,10.1103/PhysRevB.76.144106,"Dewaele, A.; Mezouar, M.; Guignot, N.; Loubeyre, P.",2007,Melting of lead under high pressure studied using second-scale time-resolved x-ray diffraction,Physical Review B,76,144106
83,0,Zn,Melt,Zn,NA,NA,Melt,NA,NA,Melt,-11.057,0.0261,3e-7,NA,NA,0,12,450,1000,After Errandonea et al 2006,K-type,Good,Good,Experimental,42,10.1103/PhysRevB.76.144106,"Errandonea, D.",2010,The melting curve of ten mentals up to 12GPa and 1600K,Journal of Applied Physics,108,033517
84,1,Bi,RT,Bi I,NA,NA,Bi II,NA,NA,I=>II,NA,NA,NA,NA,NA,2.55,2.55,25,25,NA,NA,NA,NA,NA,43,10.1063/1.3253105,"Decker, D. L.; Bassett, W. A.; Merrill, L.; Hall, H. T.; Barnett, J. D.",1972,High-Pressure Calibration - A Critical Review,Journal of Physics and Chemistry Reference Data,1,1-79
85,1,Bi,RT,Bi III,NA,NA,Bi V,NA,NA,III=>V,NA,NA,NA,NA,NA,7.7,7.7,25,25,NA,NA,NA,NA,NA,43,10.1063/1.3253105,"Decker, D. L.; Bassett, W. A.; Merrill, L.; Hall, H. T.; Barnett, J. D.",1972,High-Pressure Calibration - A Critical Review,Journal of Physics and Chemistry Reference Data,1,1-79
86,1,Ba,RT,Ba I,NA,NA,Ba II,NA,NA,I=>II,NA,NA,NA,NA,NA,5.5,5.5,25,25,NA,NA,NA,NA,NA,43,10.1063/1.3253105,"Decker, D. L.; Bassett, W. A.; Merrill, L.; Hall, H. T.; Barnett, J. D.",1972,High-Pressure Calibration - A Critical Review,Journal of Physics and Chemistry Reference Data,1,1-79
87,1,Ba,RT,NA,NA,NA,NA,NA,NA,NA,NA,NA,NA,NA,NA,14,14,25,25,NA,NA,NA,NA,NA,43,10.1063/1.3253105,"Decker, D. L.; Bassett, W. A.; Merrill, L.; Hall, H. T.; Barnett, J. D.",1972,High-Pressure Calibration - A Critical Review,Journal of Physics and Chemistry Reference Data,1,1-79
88,1,Sn,RT,NA,NA,NA,NA,NA,NA,NA,NA,NA,NA,NA,NA,10,10,25,25,NA,NA,NA,NA,NA,43,10.1063/1.3253105,"Decker, D. L.; Bassett, W. A.; Merrill, L.; Hall, H. T.; Barnett, J. D.",1972,High-Pressure Calibration - A Critical Review,Journal of Physics and Chemistry Reference Data,1,1-79
89,1,Fe,RT,NA,NA,NA,Fe-e,NA,NA,a=>e,NA,NA,NA,NA,NA,12.6,12.6,25,25,NA,NA,NA,NA,NA,43,10.1063/1.3253105,"Decker, D. L.; Bassett, W. A.; Merrill, L.; Hall, H. T.; Barnett, J. D.",1972,High-Pressure Calibration - A Critical Review,Journal of Physics and Chemistry Reference Data,1,1-79
90,1,Pb,RT,NA,NA,NA,NA,NA,NA,NA,NA,NA,NA,NA,NA,12,16,25,25,NA,NA,NA,NA,NA,43,10.1063/1.3253105,"Decker, D. L.; Bassett, W. A.; Merrill, L.; Hall, H. T.; Barnett, J. D.",1972,High-Pressure Calibration - A Critical Review,Journal of Physics and Chemistry Reference Data,1,1-79
91,1,ZnTe,RT,NA,NA,NA,NA,NA,NA,NA,NA,NA,NA,NA,NA,12.9,12.9,25,25,NA,NA,NA,NA,NA,44,10.1063/1.327984,"Onodera, A.; Ohtani, A.",1979,Fixed points for pressure calibration above 100kbars related to semiconductor-metal transitions,Journal of Applied Physics,51,2581-2585
92,1,ZnS,RT,NA,NA,NA,NA,NA,NA,NA,NA,NA,NA,NA,NA,15.5,15.5,25,25,NA,NA,NA,NA,NA,44,10.1063/1.327984,"Onodera, A.; Ohtani, A.",1979,Fixed points for pressure calibration above 100kbars related to semiconductor-metal transitions,Journal of Applied Physics,51,2581-2585
93,1,GaAs,RT,NA,NA,NA,NA,NA,NA,NA,NA,NA,NA,NA,NA,18.8,18.8,25,25,NA,NA,NA,NA,NA,44,10.1063/1.327984,"Onodera, A.; Ohtani, A.",1979,Fixed points for pressure calibration above 100kbars related to semiconductor-metal transitions,Journal of Applied Physics,51,2581-2585
94,1,GaP,RT,NA,NA,NA,NA,NA,NA,NA,NA,NA,NA,NA,NA,25.3,25.3,25,25,NA,NA,NA,NA,NA,44,10.1063/1.327984,"Onodera, A.; Ohtani, A.",1979,Fixed points for pressure calibration above 100kbars related to semiconductor-metal transitions,Journal of Applied Physics,51,2581-2585
95,1,Mg2TiO4,1:2,NA,NA,NA,Ilm,Rt,NA,Sp=>Ilm+Ox,-1.8,0.0019,NA,NA,NA,0,1.5,960,1620,After Kennedy & LaMori 1962,Pt/Pt-Rh13,Good,Fair,Experimental,45,10.1063/1.1712170,"Akimoto, S.; Syono, Y.",1967,High-pressure decomposition of some titanate spinels,Journal of Chemical Physics,47,1813-1817
96,1,Fe2TiO4,1:2,NA,NA,NA,Ilm,Rt,NA,Sp=>Ilm+Ox,1.1,0.0025,NA,NA,NA,3,4.5,830,1300,After Kennedy & LaMori 1962,Pt/Pt-Rh13,Good,Fair,Experimental,45,10.1063/1.1712170,"Akimoto, S.; Syono, Y.",1967,High-pressure decomposition of some titanate spinels,Journal of Chemical Physics,47,1813-1817
97,1,Co2TiO4,1:2,NA,NA,NA,Ilm,Rt,NA,Sp=>Ilm+Ox,-0.9,0.0035,NA,NA,NA,1.9,4,1020,1370,After Kennedy & LaMori 1962,Pt/Pt-Rh13,Good,Good,Experimental,45,10.1063/1.1712170,"Akimoto, S.; Syono, Y.",1967,High-pressure decomposition of some titanate spinels,Journal of Chemical Physics,47,1813-1817
98,1,MnTiO3,1:1,NA,NA,NA,Pv,NA,NA,Ilm=>Pv,11,-0.0044,NA,NA,NA,4.5,7.5,900,1400,After Jeffery et al 1966,Pt/Pt-Rh13,Good,Good,Experimental,45,10.1063/1.1712170,"Akimoto, S.; Syono, Y.",1967,High-pressure decomposition of some titanate spinels,Journal of Chemical Physics,47,1813-1817
99,1,MnTiO3,1:1,NA,NA,NA,Pv,NA,NA,Ilm=>Pv,-0.9,0.0035,NA,NA,NA,3.5,7.5,800,1600,HT,Unstated,Good,Good,In situ X-ray+Calorimetrics,46,10.1007/BF00209693,"Ko, J; Brown, N. E.; Navrotsky, A.; Prewitt, C. T.; Gasparik, T.",1989,Phase equilibrium and calorimetric study of the transition of MnTiO3 from the Ilmenite to lithium niobate structure and implications for the stability field of perovskite,Physics and Chemistry of Minerals,16,727-733
100,1,Mg3Al2Si3O12,1:2,NA,NA,NA,Pv,Cor,NA,Gt=>Pv+Cor,25.072,0.009,NA,NA,NA,26.3,27,1365,2000,RT+HT,Pt/Pt-Rh13,Good,Good,Experimental,47,10.1016/S0031-9201(00)00162-X,"Kubo, A.; Akaogi, M.",2000,"Post-garnet transitions in the system Mg4Si4O12 - Mg3Al2Si3O12 up to 28 Gpa: phase relations of garnet, ilmenite and perovskite",Physics of the Earth and Planetary Interiors,121,85-102
101,1,Mg3Al2Si3O12,1:1,NA,NA,NA,Ilm,NA,NA,Gt=>Ilm,23.876,0.0018,NA,NA,NA,25.3,26.3,800,1365,RT+HT,Pt/Pt-Rh14,Good,Poor,Experimental,47,10.1016/S0031-9201(00)00162-X,"Kubo, A.; Akaogi, M.",2000,"Post-garnet transitions in the system Mg4Si4O12 - Mg3Al2Si3O12 up to 28 Gpa: phase relations of garnet, ilmenite and perovskite",Physics of the Earth and Planetary Interiors,121,85-102
102,1,Mg3Al2Si3O12,1:2,NA,NA,NA,Pv,Cor,NA,Ilm=>Pv+Cor,29.495,0.0023,NA,NA,NA,26.3,27.7,800,1365,RT+HT,Pt/Pt-Rh15,Good,Poor,Experimental,47,10.1016/S0031-9201(00)00162-X,"Kubo, A.; Akaogi, M.",2000,"Post-garnet transitions in the system Mg4Si4O12 - Mg3Al2Si3O12 up to 28 Gpa: phase relations of garnet, ilmenite and perovskite",Physics of the Earth and Planetary Interiors,121,85-102
103,1,Mg3Al2Si3O12,1:2,NA,NA,NA,Pv,Cor,NA,Gt=>Pv+Cor,26.157,-8e-4,NA,NA,NA,24.5,25.2,1200,2000,Gold (Anderson et al 1989),W5-Re95/W26-Re74,Good,Good,In situ X-ray,48,10.1016/S0012-821X(00)00354-X,"Hirose, K.; Fei, Y.; Ono, S.; Yagi, T.; Funakoshi, K-I.",2001,In situ measurements of the phase transition boundary in Mg3Al2Si3O12: Implications for the nature of the seismic discontinuities in the Earth's mantle,Earth and Planetary Science Letters,184,567-573
104,1,CaIrO3,1:1,NA,NA,NA,pPv,NA,NA,Pv=>pPv,-21.085,0.0158,NA,NA,NA,0.6,3.5,1370,1560,Takahashi (1986),W5-Re95/W26-Re74,NA,NA,Experimental,49,10.2138/am.2007.2358,"Hiroshi, K.; Furukawa, A.; Akaogi, M.",2007,Thermochemistry and high-pressure equilibria of the post-perovskite phase transition in CaIrO3,American Mineralogist,92,229-232
105,1,CaIrO3,1:1,NA,NA,NA,pPv,NA,NA,Pv=>pPv,-56.18,0.04,NA,NA,NA,0,4,1377,1477,RT+HT,Pt/Pt-Rh13,Good,Fair,Experimental+Calorimetrics,50,10.1016/j.pepi.2007.05.009,"Stolen, S.; Tronnes, R. G.",2007,The perovskite to post-perovskite transition in CaIrO3: Clapeyron slope and changes in bulk and shear moduli by density functional theory,Physics of the Earth and Planetary Interiors,164,50-62
106,1,Mg2GeO4,1:1,NA,NA,NA,Sp,NA,NA,Ol=>Sp,-2.767,0.0035,NA,NA,NA,0,4,737,1900,NA,NA,NA,NA,Vibrational Spectroscopy+review,51,10.1007/BF00628825,"Ross, N. L.; Navrotsky, A.",1987,The Mg2GeO4 Olivine - Spinel Phase Transition,Physics and Chemistry of Minerals,14,473-481
107,1,Mg2GeO4,1:1,NA,NA,NA,Ilm,Pc,NA,Sp=>Ilm+Ox,12.016,0.0049,NA,NA,NA,13.5,18.8,300,1400,NA,NA,NA,NA,NA,52,,"Liu, L-G.; Bassett, W. A.",1986,"Elements, Oxides, and Silicates High-Pressure Phases with Implications for the Earth's Interior.","New York, Oxford University Press",NA,NA
108,1,FeSiO3,2:1,NA,Qtz,NA,Opx,NA,NA,Fay+Qtz=>Ortho,0.27,0.0014,NA,NA,NA,1.1,2.2,600,1300,RT,Pt/Pt-Rh13,Fair,Good,Experimental,53,10.1029/JZ070i020p05269,"Akimoto, S-I.; Katsura, T.; Syono, Y.; Fujisawa, H.; Komada, E.",1965,Polymorphic Transition of Pyroxenes FeSiO3 and CoSiO3 at High Pressures and Temperatures,Journal of Geophysical Research,70,5269-5278
109,1,FeSiO3,1:1,NA,NA,NA,Cpx,NA,NA,Ortho=>Clino,-0.9,0.0067,NA,NA,NA,3,8,600,1300,RT,Pt/Pt-Rh13,Fair,Good,Experimental,53,10.1029/JZ070i020p05269,"Akimoto, S-I.; Katsura, T.; Syono, Y.; Fujisawa, H.; Komada, E.",1965,Polymorphic Transition of Pyroxenes FeSiO3 and CoSiO3 at High Pressures and Temperatures,Journal of Geophysical Research,70,5269-5278
110,1,CoSiO3,2:1,NA,Qtz,NA,Opx,NA,NA,Ol+Qtz=>Opx,15,7e-4,NA,NA,NA,2,2.5,600,1300,RT,Pt/Pt-Rh14,Fair,Good,Experimental,53,10.1029/JZ070i020p05269,"Akimoto, S-I.; Katsura, T.; Syono, Y.; Fujisawa, H.; Komada, E.",1965,Polymorphic Transition of Pyroxenes FeSiO3 and CoSiO3 at High Pressures and Temperatures,Journal of Geophysical Research,70,5269-5278
111,1,CoSiO4,1:1,NA,NA,NA,Cpx,NA,NA,Opx=>Cpx,11,0.0044,NA,NA,NA,4,7,600,1300,RT,Pt/Pt-Rh15,Fair,Good,Experimental,53,10.1029/JZ070i020p05269,"Akimoto, S-I.; Katsura, T.; Syono, Y.; Fujisawa, H.; Komada, E.",1965,Polymorphic Transition of Pyroxenes FeSiO3 and CoSiO3 at High Pressures and Temperatures,Journal of Geophysical Research,70,5269-5278
112,1,CaIrO3,1:1,NA,NA,NA,pPv,NA,NA,Pv=>pPv,-21.085,0.0158,NA,NA,NA,1,3,1375,1550,After Takahashi 1986,W5-Re95/W26-Re74,Good,Good,Experimental,54,10.1029/2005GL023219,"Hirose, K.; Fujita, Y.",2005,Clapeyron slope of the post-perovskite phase transition in CaIrO3,Geophysical Research Letters,32,L13313
113,0,NaCoF3,1:1,NA,NA,NA,pPv,NA,NA,Pv=>pPv,NA,NA,NA,NA,NA,NA,NA,NA,NA,NA,NA,Good,Good,Experimental,55,10.1016/j.pepi.2011.08.010,"Dobson, D.; Hunt, S.; Lindsay-Scot, A.; Wood, I.",2011,"Towards better analogues to MgSiO3 post-perovskite: NaCoF3 and NaNiF3, two new recoverable fluoride post-perovskites",Physics of the Earth and Planetary Interiors,109,171-175
114,0,NaCoF3,1:1,NA,NA,NA,pPv,NA,NA,Pv=>pPv,NA,NA,NA,NA,NA,NA,NA,NA,NA,NA,NA,NA,NA,Experimental,56,10.1021/ic300118d,"Yusa, H.; Shirako, Y.; Akaogi, M.; Kojitani, H.; Hirao, N.; Ohishi, Y.; Kikegawa, T.",2012,Perovskite-to-Postperovskite Transitions in NaNiF3 and NaCoF3 and disproportionation of NaCoF3 post-perovskite under high pressure and high temperature,Inorganic Chemistry,21,6559-6566
